<?xml version="1.0" encoding="UTF-8" standalone="yes"?>
<app version="1">
  <name>Teeter Torture</name>
  <coder>MiniK</coder>
  <version>2005-10-18</version>
  <release_date></release_date>
  <short_description>Galaga clone with a twist!</short_description>
  <long_description>Teeter Torture is a simple shooting game (similar to "Space Invaders", "Galaga" or "Galaxian"), but with a unique twist. Your cannon is sitting atop a teeter totter. If it leans too far in either direction, a barrel of TNT explodes! "Weight monsters" appear at the top of the screen, and randomly fall towards the teeter totter. If they attach to it, they'll weigh it down, making it more difficult to keep it balanced. (If they hit the cannon, it explodes and you lose a life.)</long_description>
</app>
